FA_Factor,PC1
F1,-0.041332008935014306
F2,0.06708078663673181
F3,0.017512950484336733
F4,-0.05854328565402829
F5,-0.037346069311648064
